{"cameraMode":{"drawMode":0,"name":"Shaded","section":"Shading Mode"},"sceneLighting":true,"audioPlay":false,"sceneViewState":{"showFog":true,"showMaterialUpdate":false,"showSkybox":true,"showFlares":true,"showImageEffects":true,"showParticleSystems":true},"in2DMode":false,"pivot":{"x":0.36206722259521487,"y":-1.0303616523742676,"z":-0.7826228141784668},"rotation":{"x":-0.08796984702348709,"y":0.8630157709121704,"z":-0.16133464872837068,"w":-0.47057074308395388},"size":5.6940155029296879,"orthographic":false}