{"cameraMode":{"drawMode":0,"name":"Shaded","section":"Shading Mode"},"sceneLighting":true,"audioPlay":false,"sceneViewState":{"showFog":true,"showMaterialUpdate":false,"showSkybox":true,"showFlares":true,"showImageEffects":true,"showParticleSystems":true},"in2DMode":false,"pivot":{"x":49.29213333129883,"y":28.545597076416017,"z":56.27218246459961},"rotation":{"x":0.033723462373018268,"y":0.9612301588058472,"z":-0.23707357048988343,"w":0.13673394918441773},"size":23.68857192993164,"orthographic":false}