{"cameraMode":{"drawMode":0,"name":"Shaded","section":"Shading Mode"},"sceneLighting":true,"audioPlay":false,"sceneViewState":{"showFog":true,"showMaterialUpdate":false,"showSkybox":true,"showFlares":true,"showImageEffects":true,"showParticleSystems":true},"in2DMode":false,"pivot":{"x":24.482955932617189,"y":-32.012760162353519,"z":53.751258850097659},"rotation":{"x":-0.17364518344402314,"y":0.5064603090286255,"z":-0.10493900626897812,"w":-0.8380530476570129},"size":82.35628509521485,"orthographic":false}