{"cameraMode":{"drawMode":0,"name":"Shaded","section":"Shading Mode"},"sceneLighting":true,"audioPlay":false,"sceneViewState":{"showFog":true,"showMaterialUpdate":false,"showSkybox":true,"showFlares":true,"showImageEffects":true,"showParticleSystems":true},"in2DMode":false,"pivot":{"x":296.52825927734377,"y":242.98062133789063,"z":22.932373046875},"rotation":{"x":-0.09286180883646012,"y":0.8874249458312988,"z":-0.204800546169281,"w":-0.40238142013549807},"size":276.7496032714844,"orthographic":false}